cactus.id,tag,fruit.id,fruit.weight,fruit.x,fruit.y,fruit.z,color,dessication,seeds
,309,558,7.7,20,20,20,grey,dessicated,
,356,306,14.49,25,25,40,brown,not dessicated,
,397,50,13.65,20,20,40,yellow,not dessicated,
,382,12,12.27,20,20,45,green,not dessicated,
,393,75,11.05,20,20,30,yellow,not dessicated,
,393,71,10.86,20,20,30,yellow brown,not dessicated,
,385,33,10.78,25,25,30,green yellow,not dessicated,
,397,46,10.45,25,20,35,yellow,not dessicated,
,393,76,10.14,20,20,30,yellow green,not dessicated,
,345,392,10,20,20,30,brown,not dessicated,
,345,394,9.66,20,20,30,brown,not dessicated,
,385,35,9.59,25,25,30,green,not dessicated,
,385,34,9.55,25,25,35,green,not dessicated,
,345,396,9.55,25,25,25,brown,not dessicated,
,395,21,9.54,25,25,25,black,dessicated,
,356,309,9.47,20,20,30,brown,not dessicated,
,356,312,9.42,25,20,25,brown,not dessicated,
,397,41,9.2,20,20,25,yellow brown,not dessicated,
,382,15,9.16,20,25,30,green,not dessicated,
,395,28,9.11,25,25,25,black,dessicated,
,395,27,9.09,25,25,25,black,dessicated,
,345,397,8.94,20,20,35,yellow green,not dessicated,
,345,395,8.91,20,20,25,brown,not dessicated,
,393,74,8.76,20,20,30,yellow,not dessicated,
,393,80,8.69,20,20,30,yellow brown,not dessicated,
,399,106,8.68,20,20,30,yellow brown,not dessicated,
,393,73,8.48,20,20,30,yellow,not dessicated,
,395,26,8.45,25,20,30,black,dessicated,
,393,79,8.3,20,20,25,yellow green,not dessicated,
,393,78,8.19,20,20,25,yellow,not dessicated,
,317,601,8.19,20,20,20,yellow green,not dessicated,
,355,408,8.17,20,20,35,black,dessicated,
,395,22,8.14,25,25,25,black,dessicated,
,399,107,8.07,20,20,20,brown,not dessicated,
,382,11,8,20,20,25,yellow,not dessicated,
,382,14,7.96,20,25,30,yellow brown,not dessicated,
,380,116,7.93,20,20,25,green brown,not dessicated,
,380,111,7.91,25,25,25,green brown,not dessicated,
,395,25,7.84,25,25,30,black,dessicated,
,388,8,7.81,25,20,25,grey,dessicated,
,399,101,7.8,20,20,25,black,dessicated,
,365,265,7.77,20,15,30,yellow brown,not dessicated,
,399,108,7.72,20,20,25,yellow,not dessicated,
,380,112,7.71,20,20,25,yellow green,not dessicated,
,399,102,7.7,20,20,30,yellow,not dessicated,
,365,258,7.7,20,20,25,brown,not dessicated,
,399,104,7.69,25,20,30,yellow green,not dessicated,
,377,148,7.55,20,20,40,brown,not dessicated,
,399,109,7.45,20,20,25,yellow,not dessicated,
,345,390,7.44,20,20,30,brown,not dessicated,
,382,17,7.36,25,25,25,green,not dessicated,
,393,72,7.33,20,20,25,yellow,not dessicated,
,400,89,7.31,20,20,25,grey,dessicated,
,385,31,7.29,25,25,25,yellow,not dessicated,
,377,142,7.29,20,20,30,brown,not dessicated,
,365,260,7.27,20,20,25,yellow,not dessicated,
,317,602,7.26,20,20,20,yellow green,not dessicated,
,345,393,7.2,20,20,25,brown,not dessicated,
,356,311,7.16,20,20,25,grey,dessicated,
,342,415,7.11,20,20,30,brown,not dessicated,
,380,117,7.08,20,20,25,brown,not dessicated,
,373,150,7.06,20,20,20,yellow brown,not dessicated,
,365,263,7.01,15,15,30,yellow,not dessicated,
,369,268,7,20,20,25,yellow,not dessicated,
,395,24,6.97,20,20,30,black,dessicated,
,326,497,6.96,20,20,20,grey,dessicated,
,395,30,6.95,25,20,25,black,dessicated,
,397,43,6.95,20,20,30,yellow,not dessicated,
,373,157,6.95,20,20,30,brown,not dessicated,
,364,232,6.95,20,20,25,grey,dessicated,
,364,233,6.95,25,20,25,grey green,dessicated,
,317,600,6.95,25,25,25,yellow green,not dessicated,
,373,151,6.71,20,20,20,brown,not dessicated,
,380,114,6.68,20,20,20,yellow green,not dessicated,
,369,271,6.6,20,20,25,yellow,not dessicated,
,369,266,6.56,20,20,25,brown,not dessicated,
,321,450,6.49,20,20,25,brown,not dessicated,
,365,262,6.41,15,15,30,brown,not dessicated,
,395,23,6.37,25,20,20,black,dessicated,
,326,496,6.27,20,20,25,grey,dessicated,
,365,264,6.26,20,20,25,yellow,not dessicated,
,369,273,6.26,25,20,25,yellow brown,not dessicated,
,311,582,6.13,20,20,25,grey,dessicated,
,380,115,6.11,20,20,25,yellow green,not dessicated,
,399,103,6.05,20,20,20,yellow green,not dessicated,
,377,141,6.04,20,20,25,brown,not dessicated,
,397,44,6.03,20,20,25,yellow,not dessicated,
,377,143,6.01,20,20,25,brown,not dessicated,
,311,580,6.01,20,20,20,grey,dessicated,
,342,410,6,20,20,30,yellow brown,not dessicated,
,387,66,5.96,25,25,35,grey,dessicated,
,377,147,5.91,20,20,25,black,dessicated,
,356,310,5.91,25,20,30,grey,dessicated,
,355,401,5.84,20,20,25,grey,dessicated,
,369,267,5.79,20,20,25,yellow,not dessicated,
,379,121,5.78,20,20,25,brown,not dessicated,
,394,51,5.74,20,20,20,grey,dessicated,
,364,231,5.71,25,20,30,grey,dessicated,
,395,29,5.7,25,20,20,black,dessicated,
,309,557,5.7,20,20,30,grey,dessicated,
,388,5,5.69,20,20,23,grey,dessicated,
,365,261,5.67,20,20,25,yellow,not dessicated,
,380,119,5.57,20,20,20,brown,not dessicated,
,356,308,5.56,25,25,30,grey,dessicated,
,356,315,5.54,20,20,25,grey,dessicated,
,390,94,5.52,20,20,25,grey,dessicated,
,394,54,5.51,20,20,25,grey,dessicated,
,361,191,5.51,25,20,25,grey,dessicated,
,397,49,5.49,20,20,20,yellow brown,not dessicated,
,342,413,5.45,20,20,25,brown,not dessicated,
,377,149,5.42,20,20,25,brown,not dessicated,
,364,228,5.42,25,25,25,grey,dessicated,
,311,585,5.4,20,20,20,grey,dessicated,
,373,156,5.37,20,20,25,brown,not dessicated,
,364,230,5.37,20,20,25,grey,dessicated,
,345,399,5.37,25,25,30,brown,not dessicated,
,377,145,5.36,20,20,25,brown,not dessicated,
,356,307,5.31,20,20,25,grey,dessicated,
,377,144,5.28,20,15,25,brown,not dessicated,
,342,411,5.26,15,15,20,brown,not dessicated,
,317,604,5.2,20,20,25,grey,dessicated,
,342,412,5.19,20,20,20,brown,not dessicated,
,385,32,5.17,20,20,25,yellow,not dessicated,
,369,275,5.15,20,20,25,yellow,not dessicated,
,338,343,5.15,20,20,30,grey,dessicated,
,356,313,5.12,20,20,25,grey,dessicated,
,373,158,5.11,15,15,25,yellow green,not dessicated,
,400,86,5.08,20,20,20,grey,dessicated,
,316,626,5.08,20,20,20,black,dessicated,
,387,67,5.05,20,20,25,grey,dessicated,
,369,272,5.03,20,20,30,yellow brown,not dessicated,
,393,77,5.02,20,20,30,yellow green,not dessicated,
,390,92,5.02,20,20,20,grey,dessicated,
,355,400,5,20,20,25,grey,dessicated,
,397,45,4.97,20,20,25,yellow,not dessicated,
,318,540,4.97,20,20,25,grey,dessicated,
,388,1,4.95,20,20,20,grey,dessicated,
,378,132,4.95,20,20,20,brown,not dessicated,
,322,478,4.89,20,15,20,brown,not dessicated,
,326,498,4.87,20,20,25,grey,dessicated,
,364,226,4.85,25,20,30,grey,dessicated,
,337,501,4.84,20,20,25,grey,dessicated,
,379,125,4.83,20,20,25,brown,not dessicated,
,390,99,4.81,20,20,25,grey,dessicated,
,324,460,4.81,20,20,35,grey,dessicated,
,326,493,4.81,25,20,25,grey,dessicated,
,387,63,4.8,20,20,25,grey,dessicated,
,399,110,4.79,20,15,30,yellow green,not dessicated,
,363,220,4.76,20,20,30,yellow green,not dessicated,
,364,227,4.76,25,20,30,grey,dessicated,
,387,68,4.75,20,20,25,grey,dessicated,
,400,90,4.75,20,20,25,grey,dessicated,
,317,605,4.72,20,20,20,grey,dessicated,
,394,53,4.71,20,20,20,yellow brown,not dessicated,
,326,490,4.71,20,20,20,grey,dessicated,
,379,124,4.7,20,20,20,brown,not dessicated,
,334,547,4.7,25,25,20,grey,dessicated,
,370,179,4.69,20,20,25,grey,dessicated,
,309,564,4.69,20,20,20,grey,dessicated,
,338,340,4.67,20,20,30,grey,dessicated,
,322,471,4.66,20,20,25,brown,not dessicated,
,397,48,4.65,20,20,25,yellow,not dessicated,
,346,326,4.62,20,20,25,grey,dessicated,
,390,95,4.61,20,20,25,grey,dessicated,
,311,583,4.6,20,20,15,grey,dessicated,
,376,204,4.57,20,20,20,grey,dessicated,
,311,581,4.57,20,20,20,grey,dessicated,
,322,470,4.54,20,20,20,brown,not dessicated,
,364,234,4.53,20,20,25,grey,dessicated,
,309,563,4.53,20,20,20,grey,dessicated,
,380,113,4.52,20,20,20,grey,dessicated,
,309,561,4.5,20,20,20,grey,dessicated,
,311,579,4.5,20,20,20,grey,dessicated,
,317,599,4.49,20,20,20,grey,dessicated,
,309,556,4.48,20,20,20,grey,dessicated,
,318,536,4.44,20,20,25,grey,dessicated,
,382,20,4.43,20,25,25,green,not dessicated,
,342,414,4.43,20,20,25,grey,dessicated,
,337,505,4.43,20,20,25,grey,dessicated,
,394,58,4.42,20,20,25,yellow brown,not dessicated,
,318,537,4.42,20,20,20,grey,dessicated,
,377,146,4.4,15,20,20,brown,not dessicated,
,373,155,4.4,20,20,30,yellow,not dessicated,
,333,481,4.39,20,20,25,black,dessicated,
,346,327,4.35,20,20,25,grey,dessicated,
,387,62,4.34,20,20,25,grey,dessicated,
,388,7,4.32,20,20,20,grey,dessicated,
,334,549,4.32,20,20,25,grey,dessicated,
,322,476,4.31,25,20,25,brown,not dessicated,
,382,19,4.3,20,20,25,grey,dessicated,
,308,569,4.3,20,15,20,grey,dessicated,
,311,584,4.3,15,15,15,grey,dessicated,
,404,633,4.3,20,20,20,grey,dessicated,
,369,270,4.29,20,20,20,yellow,not dessicated,
,399,105,4.28,20,15,20,yellow green,not dessicated,
,308,572,4.27,20,20,20,grey,dessicated,
,318,538,4.26,20,20,20,grey,dessicated,
,307,644,4.26,20,20,20,grey,dessicated,
,341,355,4.25,20,20,25,grey,dessicated,
,318,542,4.23,20,15,25,grey,dessicated,
,318,544,4.23,20,20,20,grey,dessicated,
,334,555,4.23,15,15,25,grey,dessicated,
,308,573,4.23,15,15,25,grey,dessicated,
,370,181,4.22,20,20,20,grey,dessicated,
,340,373,4.19,20,20,20,grey,dessicated,
,365,257,4.18,20,15,25,grey,dessicated,
,309,560,4.18,20,20,20,grey,dessicated,
,337,500,4.17,20,20,25,grey,dessicated,
,318,539,4.17,20,20,20,grey,dessicated,
,318,541,4.16,20,15,20,grey,dessicated,
,402,694,4.16,20,20,25,grey,dessicated,
,340,370,4.15,20,20,25,grey,dessicated,
,400,82,4.13,20,20,20,grey,dessicated,
,400,87,4.13,20,20,20,grey,dessicated,
,355,402,4.12,20,15,25,grey,dessicated,
,390,93,4.1,20,20,20,grey,dessicated,
,364,229,4.1,20,15,25,grey,dessicated,
,369,274,4.1,20,20,25,yellow,not dessicated,
,307,649,4.09,20,20,20,grey,dessicated,
,307,642,4.08,20,20,25,grey,dessicated,
,400,85,4.05,20,20,20,grey,dessicated,
,390,100,4.05,20,20,20,grey,dessicated,
,343,368,4.05,20,20,20,grey,dessicated,
,332,445,4.05,20,20,20,grey,dessicated,
,337,508,4.05,20,20,20,grey,dessicated,
,400,84,4.03,20,20,20,grey,dessicated,
,342,418,4.03,20,20,20,grey,dessicated,
,400,81,4.02,20,20,20,grey,dessicated,
,387,70,3.99,20,20,25,grey,dessicated,
,332,440,3.99,20,20,25,grey,dessicated,
,307,645,3.99,20,20,20,grey,dessicated,
,373,152,3.98,20,20,30,yellow,not dessicated,
,338,342,3.98,20,20,25,grey,dessicated,
,326,494,3.98,20,20,20,grey,dessicated,
,302,684,3.97,20,20,25,grey,dessicated,
,340,374,3.96,20,20,25,grey,dessicated,
,376,201,3.94,20,20,20,grey,dessicated,
,343,367,3.93,15,15,20,black,dessicated,
,308,566,3.93,20,20,20,grey,dessicated,
,363,218,3.92,20,20,20,grey,dessicated,
,355,403,3.91,20,15,30,grey,dessicated,
,326,492,3.91,20,20,20,grey,dessicated,
,387,61,3.9,20,20,20,yellow brown,not dessicated,
,390,91,3.9,20,20,20,grey,dessicated,
,350,338,3.9,15,10,20,grey,dessicated,
,337,503,3.9,20,20,25,grey,dessicated,
,343,369,3.89,20,20,20,grey,dessicated,
,355,406,3.87,20,15,20,grey,dessicated,
,337,507,3.87,20,20,20,grey,dessicated,
,334,551,3.87,20,20,25,grey,dessicated,
,364,235,3.85,20,20,20,grey,dessicated,
,345,398,3.85,20,20,30,yellow,not dessicated,
,321,455,3.84,20,20,25,grey,dessicated,
,390,96,3.83,20,20,25,grey,dessicated,
,370,187,3.83,20,20,25,grey,dessicated,
,340,379,3.83,20,20,25,grey,dessicated,
,307,641,3.82,20,20,25,grey,dessicated,
,314,653,3.82,20,20,20,grey,dessicated,
,340,376,3.81,20,15,25,grey,dessicated,
,337,506,3.81,15,15,20,grey,dessicated,
,402,691,3.79,20,20,20,grey,dessicated,
,379,122,3.78,15,15,20,brown,not dessicated,
,366,254,3.78,20,20,20,grey,dessicated,
,341,356,3.77,20,15,20,grey,dessicated,
,342,419,3.76,20,20,20,grey,dessicated,
,302,686,3.75,20,20,25,grey,dessicated,
,357,278,3.74,20,20,20,grey,dessicated,cracked
,322,479,3.74,20,20,20,brown,not dessicated,
,387,69,3.73,20,20,20,grey,dessicated,
,341,352,3.73,20,15,30,grey,dessicated,
,317,596,3.73,20,20,20,grey,dessicated,
,370,185,3.72,20,20,25,grey,dessicated,
,366,252,3.72,20,20,20,grey,dessicated,
,343,363,3.72,15,15,20,grey,dessicated,
,332,447,3.72,20,20,20,grey,dessicated,
,340,372,3.71,20,20,25,grey,dessicated,
,342,416,3.71,15,15,25,grey,dessicated,
,309,559,3.71,20,20,20,grey,dessicated,
,337,502,3.7,20,20,20,grey,dessicated,
,400,83,3.69,20,20,20,grey,dessicated,
,397,47,3.68,20,20,20,yellow,not dessicated,
,390,97,3.68,20,20,20,grey,dessicated,
,304,667,3.68,20,20,25,grey,dessicated,
,338,349,3.67,20,20,25,grey,dessicated,
,343,361,3.66,20,20,20,grey,dessicated,
,306,620,3.66,20,20,20,grey,dessicated,
,389,39,3.65,20,20,25,grey,dessicated,
,373,164,3.64,20,20,25,grey,dessicated,
,345,391,3.64,15,15,25,green,not dessicated,
,402,690,3.64,20,20,20,grey,dessicated,
,341,350,3.63,20,20,20,grey,dessicated,
,317,598,3.63,20,20,20,grey,dessicated,
,355,409,3.62,20,20,20,grey,dessicated,
,306,622,3.62,20,20,20,grey,dessicated,
,388,3,3.61,20,20,20,grey,dessicated,
,368,244,3.61,20,20,20,grey,dessicated,
,309,565,3.61,20,20,20,grey,dessicated,
,402,695,3.61,20,20,20,brown,not dessicated,
,389,40,3.6,20,20,20,grey,dessicated,
,326,491,3.6,20,15,25,grey,dessicated,
,307,646,3.6,20,20,20,grey,dessicated,
,402,699,3.6,20,20,20,grey,dessicated,
,390,98,3.59,20,20,25,grey,dessicated,
,379,130,3.59,20,20,20,brown,not dessicated,
,324,464,3.59,20,20,20,grey,dessicated,
,379,123,3.57,20,20,20,brown,not dessicated,
,374,210,3.57,20,15,20,grey,dessicated,
,343,360,3.57,20,20,20,grey,dessicated,
,337,504,3.57,20,20,20,grey,dessicated,
,304,664,3.57,20,20,25,grey,dessicated,
,366,250,3.56,20,20,20,grey,dessicated,
,308,574,3.56,20,20,20,grey,dessicated,
,365,259,3.55,20,15,25,grey,dessicated,
,380,120,3.54,20,20,20,grey,dessicated,
,316,628,3.54,20,20,25,grey,dessicated,
,370,183,3.53,20,20,25,grey,dessicated,
,308,570,3.53,15,15,20,grey,dessicated,
,368,237,3.52,20,20,20,grey,dessicated,
,340,371,3.52,20,20,20,grey,dessicated,
,333,483,3.52,20,15,20,grey,dessicated,cracked but all seeds apparently present
,302,683,3.52,20,20,25,grey,dessicated,
,370,188,3.51,20,20,20,grey,dessicated,
,355,404,3.5,20,20,25,grey,dessicated,
,324,461,3.5,15,15,25,grey,dessicated,
,306,616,3.5,20,15,25,grey,dessicated,
,378,136,3.48,20,20,20,grey,dessicated,
,343,365,3.46,20,20,20,grey,dessicated,
,332,446,3.46,15,15,20,grey,dessicated,
,382,16,3.45,15,20,25,green,not dessicated,
,338,344,3.45,20,15,20,grey,dessicated,
,378,133,3.44,20,20,20,grey,dessicated,
,334,554,3.44,20,15,20,grey,dessicated,
,302,680,3.44,20,20,25,grey,dessicated,
,388,9,3.43,20,20,20,grey,dessicated,
,344,383,3.43,15,15,30,black,dessicated,
,336,527,3.42,20,20,25,grey,dessicated,
,363,222,3.41,20,20,25,grey,dessicated,
,336,522,3.41,20,20,20,grey,dessicated,
,308,575,3.41,15,15,15,grey,dessicated,
,322,474,3.4,20,20,20,brown,not dessicated,
,322,475,3.4,20,20,20,brown,not dessicated,
,378,131,3.39,20,20,25,grey,dessicated,
,340,377,3.39,15,15,25,grey,dessicated,
,355,405,3.39,20,15,30,grey,dessicated,
,326,499,3.38,15,15,20,grey,dessicated,
,402,639,3.38,15,15,15,black,dessicated,
,321,453,3.37,20,20,20,grey,dessicated,
,314,652,3.35,20,20,20,grey,dessicated,
,305,709,3.34,15,15,15,grey,dessicated,
,400,88,3.33,20,20,20,grey,dessicated,
,341,353,3.33,15,15,20,grey,dessicated,
,319,516,3.33,20,20,20,grey,dessicated,
,309,562,3.32,20,20,20,grey,dessicated,
,387,64,3.31,20,20,20,grey,dessicated,
,336,525,3.31,15,15,25,grey,dessicated,
,402,634,3.31,15,15,20,grey,dessicated,
,374,208,3.3,20,20,25,grey,dessicated,
,319,517,3.29,20,15,20,grey,dessicated,
,394,52,3.28,15,15,25,green,not dessicated,
,370,184,3.28,20,20,20,grey,dessicated,
,333,484,3.28,20,15,20,grey,dessicated,
,334,550,3.28,20,20,20,grey,dessicated,
,303,591,3.28,20,20,30,grey,dessicated,
,388,10,3.27,20,20,25,grey,dessicated,
,374,207,3.27,20,20,20,grey,dessicated,
,343,364,3.27,20,20,15,grey,dessicated,
,324,462,3.27,15,15,25,grey,dessicated,
,308,571,3.27,15,15,20,grey,dessicated,
,304,665,3.27,20,20,25,grey,dessicated,
,361,190,3.26,20,20,20,black,dessicated,
,363,224,3.25,20,20,20,grey,dessicated,
,343,366,3.24,15,15,20,grey,dessicated,
,365,256,3.23,20,20,20,grey,dessicated,
,332,448,3.23,20,20,20,grey,dessicated,
,324,466,3.23,15,15,25,grey,dessicated,
,338,347,3.22,20,15,25,grey,dessicated,
,341,357,3.22,20,20,20,grey,dessicated,
,314,656,3.22,15,15,20,grey,dessicated,
,350,330,3.21,15,15,20,grey,dessicated,
,314,655,3.21,20,20,20,grey,dessicated,
,387,65,3.2,20,20,15,grey,dessicated,
,317,597,3.19,20,20,20,grey,dessicated,
,374,206,3.18,20,15,25,grey,dessicated,
,316,632,3.18,15,15,20,grey,dessicated,
,366,248,3.17,20,15,20,grey,dessicated,
,332,443,3.17,20,20,20,grey,dessicated,
,366,247,3.16,20,15,20,grey,dessicated,
,372,176,3.15,20,20,25,grey,dessicated,
,376,196,3.15,20,20,15,grey,dessicated,
,344,388,3.15,20,20,20,grey,dessicated,
,332,441,3.15,15,15,20,grey,dessicated,
,306,623,3.15,20,20,20,grey,dessicated,
,402,698,3.14,20,20,20,grey,dessicated,
,369,269,3.13,15,15,20,grey,dessicated,
,336,526,3.13,20,20,20,grey,dessicated,
,402,638,3.13,20,20,20,grey,dessicated,
,304,662,3.13,20,20,20,grey,dessicated,
,321,452,3.12,20,20,20,grey,dessicated,
,366,253,3.11,20,20,20,grey,dessicated,
,306,619,3.11,15,15,15,grey,dessicated,
,382,18,3.1,20,20,20,grey,dessicated,
,326,495,3.09,15,15,20,grey,dessicated,
,310,615,3.07,15,15,20,grey,dessicated,
,302,685,3.07,20,20,25,grey,dessicated,
,376,203,3.06,20,20,20,grey,dessicated,
,304,660,3.06,15,15,20,grey,dessicated,
,370,180,3.05,20,20,20,grey,dessicated,
,371,159,3.04,20,20,25,grey,dessicated,
,332,449,3.04,15,15,20,grey,dessicated,
,379,126,3.03,15,15,20,brown,not dessicated,
,366,249,3.03,15,15,20,grey,dessicated,
,332,444,3.03,20,20,20,grey,dessicated,
,321,457,3.03,20,20,25,grey,dessicated,
,334,552,3.03,20,20,20,grey,dessicated,cracked
,306,617,3.02,20,20,20,grey,dessicated,
,363,221,3.01,20,15,20,grey,dessicated,
,402,696,3.01,20,20,20,grey,dessicated,
,376,199,3,20,20,20,grey,dessicated,
,354,318,3,20,15,15,grey,dessicated,
,370,182,2.99,20,20,20,grey,dessicated,
,376,205,2.99,20,20,20,grey,dessicated,
,319,513,2.98,20,20,20,grey,dessicated,
,402,693,2.98,20,20,20,grey,dessicated,
,394,57,2.97,15,15,25,yellow,not dessicated,
,372,178,2.97,20,20,20,grey,dessicated,
,376,200,2.97,20,15,20,grey,dessicated,
,341,351,2.97,15,15,30,grey,dessicated,
,308,567,2.97,20,20,20,grey,dessicated,
,338,348,2.96,25,15,25,grey,dessicated,
,324,467,2.95,15,15,20,grey,dessicated,
,336,519,2.95,20,20,20,grey,dessicated,
,372,170,2.94,20,20,25,grey,dessicated,
,333,480,2.94,20,20,25,grey,dessicated,
,304,666,2.94,20,20,20,grey,dessicated,
,378,137,2.93,20,20,20,grey,dessicated,
,350,334,2.93,20,15,20,grey,dessicated,
,379,128,2.92,20,20,20,brown,not dessicated,
,363,217,2.92,20,20,25,grey,dessicated,
,378,139,2.91,20,20,20,grey,dessicated,
,363,223,2.91,20,20,25,grey,dessicated,
,388,2,2.9,20,20,20,grey,dessicated,
,402,692,2.9,15,15,20,grey,dessicated,
,378,140,2.89,20,20,20,grey,dessicated,
,338,341,2.89,20,15,20,grey,dessicated,
,323,435,2.89,20,20,20,grey,dessicated,
,318,543,2.89,20,15,20,grey,dessicated,
,370,186,2.88,20,20,25,grey,dessicated,
,336,528,2.88,20,15,20,grey,dessicated,
,372,169,2.87,20,20,20,grey,dessicated,
,378,134,2.86,20,20,20,grey,dessicated,
,372,177,2.86,20,20,30,grey,dessicated,
,374,209,2.86,20,20,20,grey,dessicated,
,326,427,2.86,15,15,15,grey,dessicated,
,335,530,2.86,20,20,20,grey,dessicated,
,306,621,2.86,20,15,20,grey,dessicated,
,344,380,2.85,15,15,30,black,dessicated,
,344,384,2.85,20,20,20,black,dessicated,
,323,433,2.85,15,15,20,grey,dessicated,
,372,172,2.84,20,20,20,grey,dessicated,
,363,219,2.83,25,20,15,grey,dessicated,
,382,13,2.81,20,20,25,green,not dessicated,
,402,635,2.8,20,20,20,grey,dessicated,
,307,643,2.78,15,15,20,grey,dessicated,
,388,6,2.77,20,20,20,grey,dessicated,
,372,171,2.77,20,20,20,grey,dessicated,
,333,482,2.77,15,15,20,grey,dessicated,
,336,523,2.77,20,20,20,grey,dessicated,
,334,546,2.77,20,20,20,grey,dessicated,
,305,700,2.77,15,15,20,grey,dessicated,
,359,302,2.76,20,20,20,grey,dessicated,
,341,354,2.76,20,15,20,grey,dessicated,
,321,456,2.76,20,20,25,grey,dessicated,
,374,212,2.74,20,20,25,grey,dessicated,
,341,359,2.73,20,20,20,grey,dessicated,
,323,431,2.73,20,20,15,grey,dessicated,
,314,658,2.73,20,20,20,grey,dessicated,
,402,697,2.73,20,20,20,grey,dessicated,
,388,4,2.72,20,20,20,grey,dessicated,
,397,42,2.72,15,15,20,yellow,not dessicated,
,374,213,2.72,20,15,20,grey,dessicated,
,303,594,2.72,20,20,20,grey,dessicated,
,323,434,2.71,20,20,20,grey,dessicated,
,374,211,2.7,20,15,20,grey,dessicated,
,354,316,2.69,20,20,20,grey,dessicated,
,354,320,2.69,15,15,20,grey,dessicated,
,302,682,2.69,20,20,25,grey,dessicated,
,378,138,2.68,15,15,15,grey,dessicated,
,313,670,2.68,15,15,15,grey,dessicated,
,333,487,2.67,15,15,20,grey,dessicated,
,354,323,2.66,15,15,20,grey,dessicated,
,306,618,2.66,20,20,20,grey,dessicated,
,372,173,2.65,20,20,25,grey,dessicated,
,314,650,2.65,15,15,20,grey,dessicated,
,335,532,2.64,20,20,20,grey,dessicated,
,366,255,2.63,20,15,15,grey,dessicated,
,354,319,2.63,15,15,15,grey,dessicated,
,326,426,2.63,20,20,20,grey,dessicated,
,333,489,2.63,15,15,20,grey,dessicated,
,340,375,2.61,15,15,25,grey,dessicated,
,335,531,2.6,15,15,20,grey,dessicated,
,310,614,2.6,15,10,20,grey,dessicated,
,380,118,2.59,15,15,25,grey,dessicated,
,371,161,2.59,20,20,20,grey,dessicated,
,321,451,2.59,15,15,20,grey,dessicated,
,334,553,2.59,20,15,25,grey,dessicated,
,354,324,2.58,20,15,20,grey,dessicated,
,342,417,2.57,15,15,20,grey,dessicated,
,340,378,2.56,20,15,20,grey,dessicated,
,333,488,2.56,20,20,20,grey,dessicated,
,402,636,2.56,15,15,15,grey,dessicated,
,371,164,2.55,20,20,20,grey,dessicated,
,306,624,2.54,20,20,20,grey,dessicated,
,314,659,2.54,20,20,20,grey,dessicated,
,338,346,2.52,20,20,25,grey,dessicated,
,321,454,2.52,15,15,20,grey,dessicated,
,363,216,2.51,20,15,20,grey,dessicated,
,336,524,2.51,20,20,15,grey,dessicated,
,394,55,2.5,15,15,25,yellow green,not dessicated,
,350,331,2.5,15,15,20,grey,dessicated,
,350,337,2.5,20,20,15,grey,dessicated,
,343,362,2.5,15,15,15,grey,dessicated,
,354,325,2.48,15,15,20,grey,dessicated,
,307,647,2.48,15,15,20,grey,dessicated,
,359,296,2.47,20,20,20,grey,dessicated,
,354,317,2.47,20,15,20,grey,dessicated,
,302,681,2.47,15,15,20,grey,dessicated,
,374,214,2.46,15,15,20,grey,dessicated,
,354,321,2.46,15,10,15,grey,dessicated,
,326,423,2.46,15,15,20,grey,dessicated,
,310,613,2.46,15,15,15,grey,dessicated,
,338,345,2.45,20,15,20,grey,dessicated,
,376,198,2.44,15,15,20,grey,dessicated,
,323,430,2.44,20,20,20,grey,dessicated,
,304,661,2.44,15,15,20,grey,dessicated,
,304,668,2.44,20,20,20,grey,dessicated,
,376,197,2.42,15,15,20,grey,dessicated,
,374,215,2.42,15,15,20,grey,dessicated,
,359,298,2.41,20,20,15,grey,dessicated,cracked
,326,421,2.41,20,20,20,grey,dessicated,
,333,485,2.41,15,15,20,grey,dessicated,
,366,251,2.4,20,15,20,grey,dessicated,
,321,459,2.4,15,15,20,grey,dessicated,
,333,486,2.4,20,15,20,grey,dessicated,
,323,432,2.39,15,15,20,grey,dessicated,
,324,469,2.39,15,15,25,grey,dessicated,
,322,473,2.39,20,15,20,grey,dessicated,
,303,586,2.39,15,15,20,grey,dessicated,
,378,135,2.38,20,20,15,grey,dessicated,
,307,648,2.36,20,20,25,brown,not dessicated,
,359,297,2.35,20,20,20,grey,dessicated,
,379,129,2.34,20,20,25,brown,not dessicated,
,363,225,2.34,20,20,20,grey,dessicated,
,359,301,2.33,20,20,20,grey,dessicated,
,336,521,2.33,20,15,20,yellow,not dessicated,
,372,174,2.31,20,20,25,grey,dessicated,
,359,300,2.31,20,20,15,grey,dessicated,
,326,422,2.31,20,20,15,grey,dessicated,
,317,603,2.27,15,15,15,yellow green,not dessicated,
,323,437,2.26,15,15,20,grey,dessicated,
,316,629,2.26,15,15,20,grey,dessicated,
,314,651,2.26,15,15,15,grey,dessicated,
,323,438,2.25,20,20,20,grey,dessicated,
,308,568,2.25,15,15,15,grey,dessicated,
,314,657,2.25,15,15,20,grey,dessicated,
,372,175,2.24,20,20,25,grey,dessicated,
,303,590,2.21,20,15,25,grey,dessicated,
,313,677,2.21,15,15,15,grey,dessicated,
,303,595,2.18,15,15,20,grey,dessicated,
,368,238,2.16,15,15,15,grey,dessicated,
,350,333,2.16,15,10,15,grey,dessicated,
,371,162,2.15,20,20,20,grey,dessicated,
,326,420,2.15,20,20,20,grey,dessicated,
,326,424,2.14,15,15,20,grey,dessicated,
,322,472,2.14,20,15,15,brown,not dessicated,
,323,436,2.11,20,20,20,grey,dessicated,
,302,687,2.11,15,15,25,grey,dessicated,
,313,673,2.1,15,15,15,grey,dessicated,
,304,663,2.08,15,15,20,grey,dessicated,
,344,385,2.07,20,15,30,grey,dessicated,
,326,428,2.07,20,20,20,grey,dessicated,
,335,529,2.07,15,15,15,grey,dessicated,
,323,439,2.06,15,15,20,grey,dessicated,
,305,702,2.05,15,15,15,grey,dessicated,
,379,127,2.04,20,15,20,brown,not dessicated,
,359,304,2.04,20,20,20,grey,dessicated,
,303,588,2.04,15,15,15,grey,dessicated,
,368,236,2.03,20,20,20,grey,dessicated,
,358,287,2.03,15,15,20,grey,dessicated,
,314,654,2.03,15,15,15,grey,dessicated,
,371,168,2.01,15,15,20,grey,dessicated,
,358,292,2.01,20,15,20,grey,dessicated,
,303,589,2.01,15,15,15,grey,dessicated,
,357,282,2,20,10,20,yellow green,not dessicated,
,368,240,1.99,20,15,15,grey,dessicated,
,350,336,1.97,15,15,10,grey,dessicated,
,302,689,1.97,15,15,25,grey,dessicated,
,335,533,1.95,15,15,15,grey,dessicated,
,357,279,1.94,15,10,20,green,not dessicated,
,368,243,1.93,15,15,15,grey,dessicated,
,357,281,1.93,20,10,20,yellow green,not dessicated,
,305,704,1.93,15,15,15,grey,dessicated,
,354,322,1.91,15,10,15,grey,dessicated,
,335,535,1.9,15,15,20,grey,dessicated,
,358,293,1.89,15,15,15,grey,dessicated,
,310,612,1.89,10,10,15,grey,dessicated,
,394,59,1.88,15,15,20,yellow green,not dessicated,
,313,674,1.86,15,15,15,grey,dessicated,
,394,56,1.84,15,15,25,yellow,not dessicated,
,368,245,1.84,15,10,15,grey,dessicated,
,371,165,1.83,15,15,20,grey,dessicated,
,344,389,1.83,20,15,20,grey,dessicated,cracked
,313,679,1.83,15,15,15,grey,dessicated,
,313,678,1.8,15,15,15,grey,dessicated,
,368,242,1.79,15,10,15,grey,dessicated,
,303,587,1.78,10,10,15,grey,dessicated,
,357,284,1.77,15,10,20,yellow green,not dessicated,
,326,425,1.77,15,15,15,grey,dessicated,
,367,246,1.76,15,15,10,grey,dessicated,
,351,329,1.75,20,20,20,grey,dessicated,cracked
,358,288,1.74,15,15,15,grey,dessicated,
,316,627,1.74,15,15,15,grey,dessicated,
,326,429,1.73,15,15,15,grey,dessicated,
,371,163,1.72,15,10,20,grey,dessicated,
,324,463,1.71,15,15,25,grey,dessicated,
,371,166,1.69,15,15,25,grey,dessicated,
,303,593,1.66,15,15,15,grey,dessicated,
,305,701,1.65,15,15,15,grey,dessicated,
,361,192,1.63,20,20,20,grey,dessicated,
,310,607,1.63,10,10,15,grey,dessicated,
,373,153,1.62,20,20,20,grey,dessicated,
,306,625,1.61,15,15,15,yellow,not dessicated,
,358,289,1.6,15,15,20,grey,dessicated,
,313,675,1.59,15,15,15,grey,dessicated,
,303,592,1.58,20,15,15,grey,dessicated,
,368,241,1.57,20,15,15,grey,dessicated,
,324,465,1.57,10,10,20,grey,dessicated,
,358,286,1.56,15,10,15,grey,dessicated,
,313,671,1.55,15,15,15,grey,dessicated,
,376,202,1.54,20,15,20,grey,dessicated,
,336,520,1.54,20,10,15,yellow brown,not dessicated,
,318,545,1.54,15,10,25,grey,dessicated,
,357,285,1.5,15,10,20,yellow green,not dessicated,
,313,676,1.5,15,15,15,grey,dessicated,
,368,239,1.48,10,10,15,grey,dessicated,
,313,672,1.48,10,10,15,grey,dessicated,
,332,442,1.47,15,15,20,grey,dessicated,
,335,534,1.47,15,15,15,grey,dessicated,
,311,576,1.47,15,15,15,grey,dessicated,
,305,707,1.47,15,15,15,grey,dessicated,
,305,706,1.44,15,15,15,grey,dessicated,
,316,631,1.43,15,15,15,grey,dessicated,
,358,291,1.42,15,10,15,grey,dessicated,
,358,295,1.41,15,10,15,grey,dessicated,
,361,189,1.4,20,15,20,grey,dessicated,
,344,381,1.4,10,10,20,grey,dessicated,
,361,194,1.36,15,15,15,grey,dessicated,
,357,277,1.36,20,10,20,grey,dessicated,
,311,577,1.36,15,15,15,grey,dessicated,
,321,458,1.35,15,15,25,grey,dessicated,
,319,511,1.35,15,15,15,grey,dessicated,
,355,407,1.34,15,15,25,grey,dessicated,
,305,708,1.33,15,15,15,grey,dessicated,
,361,195,1.31,15,15,15,grey,dessicated,
,311,578,1.3,15,15,15,grey,dessicated,
,344,386,1.29,20,10,20,grey,dessicated,
,304,669,1.29,15,15,15,grey,dessicated,
,386,38,1.28,15,10,25,green,not dessicated,may not be mature fruit
,359,299,1.28,15,15,15,grey,dessicated,
,344,382,1.28,10,10,20,grey,dessicated,
,394,60,1.25,10,10,15,yellow,not dessicated,
,319,518,1.25,15,15,15,grey,dessicated,
,356,314,1.21,15,15,20,grey,dessicated,
,310,608,1.18,10,10,20,grey,dessicated,
,386,37,1.17,10,10,25,green,not dessicated,may not be mature fruit
,359,305,1.17,10,10,10,grey,dessicated,
,351,328,1.17,20,15,15,grey,dessicated,cracked
,319,512,1.17,10,10,15,grey,dessicated,
,322,477,1.15,15,10,15,brown,not dessicated,
,371,167,1.14,15,15,15,grey,dessicated,
,357,276,1.12,15,10,20,grey,dessicated,
,350,339,1.09,15,10,20,grey,dessicated,
,371,160,1.08,15,15,15,grey,dessicated,
,310,610,1.06,10,10,15,grey,dessicated,
,305,705,1.05,10,10,10,grey,dessicated,
,359,303,1.03,15,15,15,grey,dessicated,
,344,387,1.03,10,10,20,grey,dessicated,
,334,548,1.03,15,10,20,grey,dessicated,
,361,193,0.98,10,10,10,grey,dessicated,
,310,606,0.98,15,15,15,grey,dessicated,cracked
,341,358,0.97,15,15,20,grey,dessicated,
,316,630,0.97,15,15,20,grey,dessicated,
,386,36,0.96,10,10,20,green,not dessicated,may not be mature fruit
,302,688,0.92,10,10,25,grey,dessicated,
,357,280,0.91,15,10,20,grey,dessicated,
,319,509,0.9,10,10,15,grey,dessicated,
,310,609,0.88,10,10,10,grey,dessicated,
,310,611,0.88,10,10,15,grey,dessicated,
,350,332,0.87,15,10,15,grey,dessicated,
,357,283,0.86,15,10,15,grey,dessicated,
,402,637,0.85,15,15,10,grey,dessicated,
,350,335,0.81,20,10,20,grey,dessicated,
,305,703,0.81,15,15,15,grey,dessicated,
,319,515,0.8,15,10,15,grey,dessicated,
,324,468,0.77,10,10,20,grey,dessicated,
,319,510,0.77,10,10,15,grey,dessicated,
,319,514,0.74,15,10,15,grey,dessicated,
,307,640,0.7,10,10,15,grey,dessicated,
,358,290,0.6,10,10,15,grey,dessicated,
,358,294,0.51,10,10,10,grey,dessicated,
